{"content":[{"id":"29c549f2","settings":{"content_width":{"unit":"px","size":1600,"sizes":[]},"stretch_section":"section-stretched","background_background":"classic","background_color":"#FAFFBF"},"elements":[{"id":"182c9c66","settings":{"_column_size":100,"_inline_size":null},"elements":[{"id":"33a26b42","settings":{"image":{"url":"http:\/\/127.0.0.1\/wordpress\/wp-content\/uploads\/2021\/07\/american-heritage-chocolate-TZFshUFzWRQ-unsplash-scaled.jpg","id":213},"image_size":"2048x2048","_margin":{"unit":"px","top":"-49","right":"6","bottom":"0","left":"0","isLinked":false},"_padding":{"unit":"px","top":"-65","right":"0","bottom":"-65","left":"-65","isLinked":false},"hide_tablet":"hidden-tablet","hide_mobile":"hidden-phone","_background_background":"classic","_background_color":"#F2DBAD"},"elements":[],"isInner":false,"widgetType":"image","elType":"widget"},{"id":"609c29a4","settings":{"title":"So now you know a little more about us,\n why not pop in for a visit at one of our shops.\n Our team will be happy to serve and hear from you.","title_color":"#494A4A","typography_typography":"custom","typography_font_family":"Rouge Script","typography_font_weight":"600","_margin":{"unit":"px","top":"-844","right":"0","bottom":"0","left":"0","isLinked":false}},"elements":[],"isInner":false,"widgetType":"heading","elType":"widget"}],"isInner":false,"elType":"column"}],"isInner":false,"elType":"section"},{"id":"3a7b112f","settings":[],"elements":[{"id":"647923a3","settings":{"_column_size":100,"_inline_size":null},"elements":[{"id":"7e98b540","settings":{"title":"Contact Us","align":"center","title_color":"#040505","typography_typography":"custom","typography_font_family":"Rouge Script","typography_font_size":{"unit":"px","size":64,"sizes":[]},"typography_font_weight":"600","typography_letter_spacing":{"unit":"px","size":0.9,"sizes":[]}},"elements":[],"isInner":false,"widgetType":"heading","elType":"widget"}],"isInner":false,"elType":"column"}],"isInner":false,"elType":"section"},{"id":"3e388fa7","settings":{"structure":"20","margin":{"unit":"px","top":"26","right":0,"bottom":"0","left":0,"isLinked":false}},"elements":[{"id":"3ac660f4","settings":{"_column_size":50,"_inline_size":null},"elements":[{"id":"57376a1b","settings":{"editor":"<h3 class=\"text-uppercase\">OUR LOCATION<\/h3><p><img src=\"http:\/\/www.bhopalbaking.com\/images\/bbc-line1.png\" alt=\"baking company bhopal\" \/><\/p><address><p>Cakes And Cookies<br \/>A division of Jehan Numa Palace Hotel Pvt. Ltd.<br \/>157, Shamla Hill Bhopal, MP 462013<\/p><\/address>","_margin":{"unit":"px","top":"-3","right":"-36","bottom":"0","left":"0","isLinked":false}},"elements":[],"isInner":false,"widgetType":"text-editor","elType":"widget"},{"id":"35a83e63","settings":[],"elements":[{"id":"561807","settings":{"_column_size":100,"_inline_size":null},"elements":[{"id":"2c441c94","settings":{"editor":"<h3 class=\"text-uppercase\">BASE KITCHEN<\/h3><p><img src=\"http:\/\/www.bhopalbaking.com\/images\/bbc-line1.png\" alt=\"baking company bhopal\" \/><\/p><address><p>Jehan Numa Retreat<br \/>Dr. Saleem Ali Road, Next to Van Vihar Bhopal, MP<\/p><\/address>","_margin":{"unit":"px","top":"0","right":"0","bottom":"0","left":"2","isLinked":false}},"elements":[],"isInner":false,"widgetType":"text-editor","elType":"widget"}],"isInner":true,"elType":"column"}],"isInner":true,"elType":"section"}],"isInner":false,"elType":"column"},{"id":"2fb6f80c","settings":{"_column_size":50,"_inline_size":null},"elements":[{"id":"4815ec63","settings":{"address":"London Eye, London, United Kingdom"},"elements":[],"isInner":false,"widgetType":"google_maps","elType":"widget"}],"isInner":false,"elType":"column"}],"isInner":false,"elType":"section"},{"id":"279c6ef7","settings":{"layout":"full_width","structure":"20","background_background":"gradient","background_color":"#FFDB9D","background_color_b":"#FED9E3"},"elements":[{"id":"1af71bd6","settings":{"_column_size":50,"_inline_size":null},"elements":[{"id":"64871b62","settings":[],"elements":[{"id":"5edaa3fe","settings":{"_column_size":100,"_inline_size":null},"elements":[{"id":"61c6a791","settings":{"image":{"url":"http:\/\/127.0.0.1\/wordpress\/wp-content\/uploads\/2021\/07\/peter-t-o_toiVFQqlg-unsplash-scaled.jpg","id":212},"image_custom_dimension":{"width":"1200","height":"2590"},"_margin":{"unit":"px","top":"-18","right":"0","bottom":"0","left":"0","isLinked":false},"hide_tablet":"hidden-tablet","hide_mobile":"hidden-phone","_padding":{"unit":"px","top":"170","right":"0","bottom":"0","left":"0","isLinked":false}},"elements":[],"isInner":false,"widgetType":"image","elType":"widget"}],"isInner":true,"elType":"column"}],"isInner":true,"elType":"section"}],"isInner":false,"elType":"column"},{"id":"46b33857","settings":{"_column_size":50,"_inline_size":null},"elements":[{"id":"5367be03","settings":{"editor":"<h3 class=\"text-uppercase\">OUR STORES<\/h3><p><img src=\"http:\/\/www.bhopalbaking.com\/images\/bbc-line1.png\" alt=\"baking company bhopal\" \/><\/p><address><p>Cakes and cookies<br \/>10 No. Market, E 4 \/ 90, Arera Colony, Bhopal<br \/>Phone: 72250 34444<\/p><\/address><hr \/><address><p>Cakes And Cookies<br \/>Arera Club (Members Only) Opposite Mayur Park, Tulsi Nagar,<br \/>Link Road No.1, Bhopal-462003<\/p><\/address><hr \/><address><p>Cakes And Cookies<br \/>Jehan Numa Retreat (Lobby)<br \/>Dr. Salim Ali Road, Near Van Vihar National Park, Bhopal<\/p><\/address><hr \/><p><span class=\"blue-text text-uppercase\">EMAILS<\/span><\/p><table border=\"0\" cellspacing=\"0\" cellpadding=\"0\"><tbody><tr><td>For Orders<\/td><td>\u00a0<\/td><td>:\u00a0<a href=\"mailto:order@bhopalbaking.com\" target=\"_blank\" rel=\"noopener\">order@cakesandcookies.com<\/a><\/td><\/tr><tr><td>For Corporate<\/td><td>\u00a0<\/td><td>:\u00a0<a href=\"mailto:business@bhopalbaking.com\" target=\"_blank\" rel=\"noopener\">business@cakesandcookies.com<\/a><\/td><\/tr><tr><td>For Vendors<\/td><td>\u00a0<\/td><td>:\u00a0<a href=\"mailto:operations@bhopalbaking.com\" target=\"_blank\" rel=\"noopener\">operations@cakesandcookies.com<\/a><\/td><\/tr><\/tbody><\/table><p><br \/><br \/><\/p>"},"elements":[],"isInner":false,"widgetType":"text-editor","elType":"widget"}],"isInner":false,"elType":"column"}],"isInner":false,"elType":"section"},{"id":"4471f920","settings":{"content_width":{"unit":"px","size":1529,"sizes":[]},"margin":{"unit":"px","top":"47","right":0,"bottom":"0","left":0,"isLinked":false},"background_background":"classic","background_color":"#FFEDCB","background_color_stop":{"unit":"%","size":31,"sizes":[]},"background_color_b":"#FFC4D3","background_color_b_stop":{"unit":"%","size":68,"sizes":[]},"background_image":{"url":"http:\/\/127.0.0.1\/wordpress\/wp-content\/uploads\/2021\/07\/Food-Drink-1.jpg","id":192}},"elements":[{"id":"dadd621","settings":{"_column_size":100,"_inline_size":null},"elements":[{"id":"6f51d6fd","settings":{"title":"Write Us A Letter !","align":"center","title_color":"#080E10","typography_typography":"custom","typography_font_family":"Rouge Script","typography_font_size":{"unit":"px","size":43,"sizes":[]},"typography_font_weight":"600","typography_letter_spacing":{"unit":"px","size":1.4,"sizes":[]}},"elements":[],"isInner":false,"widgetType":"heading","elType":"widget"},{"id":"dc8a41e","settings":[],"elements":[{"id":"7b6f5ddf","settings":{"_column_size":100,"_inline_size":null},"elements":[{"id":"501ee305","settings":{"form_id":"287","_background_background":"classic","_background_color":"#F4F4F4","_background_color_b":"#FFFFFF","_border_border":"groove","_border_width":{"unit":"px","top":"-43","right":"-31","bottom":"-31","left":"-31","isLinked":false},"_border_color":"#FFD2D2"},"elements":[],"isInner":false,"widgetType":"wpforms","elType":"widget"}],"isInner":true,"elType":"column"}],"isInner":true,"elType":"section"}],"isInner":false,"elType":"column"}],"isInner":false,"elType":"section"}],"settings":{"template":"elementor_canvas"}}