{"content":[{"id":"3c7b0458","settings":{"content_width":{"unit":"px","size":1600,"sizes":[]},"margin":{"unit":"px","top":"34","right":0,"bottom":"0","left":0,"isLinked":false}},"elements":[{"id":"52700219","settings":{"_column_size":100,"_inline_size":null},"elements":[{"id":"f02f1d4","settings":{"title":"Gifting &amp;Hampers","align":"center","title_color":"#151717","typography_typography":"custom","typography_font_family":"Rouge Script","typography_font_size":{"unit":"px","size":58,"sizes":[]},"typography_font_weight":"600","_background_background":"classic","_background_color":"#FFFDE6","_background_color_b":"#FFA9BE","_background_color_b_stop":{"unit":"%","size":99,"sizes":[]}},"elements":[],"isInner":false,"widgetType":"heading","elType":"widget"}],"isInner":false,"elType":"column"}],"isInner":false,"elType":"section"},{"id":"79c76505","settings":{"content_width":{"unit":"px","size":1600,"sizes":[]}},"elements":[{"id":"26b9e1d8","settings":{"_column_size":100,"_inline_size":null},"elements":[{"id":"292ae526","settings":{"editor":"<h1>\"With us, you always get something new to try. We are here to help you cheer people up, celebrate relations, say sorry or maybe even I love you.\"<\/h1>","align":"center","text_color":"#0E0D0D","typography_typography":"custom","typography_font_family":"Rouge Script","typography_font_size":{"unit":"px","size":24,"sizes":[]},"typography_font_weight":"400"},"elements":[],"isInner":false,"widgetType":"text-editor","elType":"widget"}],"isInner":false,"elType":"column"}],"isInner":false,"elType":"section"},{"id":"2a378a81","settings":{"content_width":{"unit":"px","size":1600,"sizes":[]},"structure":"20","background_background":"classic","background_color":"#FFF9DC","margin":{"unit":"px","top":"42","right":0,"bottom":"0","left":0,"isLinked":false}},"elements":[{"id":"51118c70","settings":{"_column_size":50,"_inline_size":null},"elements":[{"id":"6f95e721","settings":{"image":{"url":"http:\/\/localhost\/wordpress\/wp-content\/uploads\/2021\/07\/brigitte-tohm-irRhPKPqP9Y-unsplash-scaled.jpg","id":334},"image_size":"medium_large"},"elements":[],"isInner":false,"widgetType":"image","elType":"widget"}],"isInner":false,"elType":"column"},{"id":"2f907d53","settings":{"_column_size":50,"_inline_size":null},"elements":[{"id":"46aa2760","settings":{"editor":"<h1>Gift Hampers<\/h1><p>Lorem ipsum dolor sit amet, consectetur adipiscing elit. Ut elit tellus, luctus nec ullamcorper mattis, pulvinar dapibus leo.<\/p><p>Make gifting a luxurious affair, at BBC we want our guests to find ease in selecting and confidence in quality of product. Our gift options have been designed to reflect the hight quality of our brand, from packaging to product each aspect has been meticulously stuided worked out to delivery that perfect gift.<\/p><p>Whether you need a special gift, a customized Indulgence Box with your company logo, a box of your own company\u2019s luxury cupcakes or an urgent delivery to your client, we can do it!.<\/p>","align":"center","text_color":"#111010","typography_typography":"custom","typography_font_family":"Rouge Script","typography_font_size":{"unit":"px","size":24,"sizes":[]},"typography_font_weight":"400"},"elements":[],"isInner":false,"widgetType":"text-editor","elType":"widget"},{"id":"5d9d9502","settings":{"text":"Click to view our menu","align":"center","typography_typography":"custom","typography_font_family":"Rouge Script","typography_font_size":{"unit":"px","size":29,"sizes":[]},"typography_font_weight":"500","button_text_color":"#010000","background_color":"#F6C7C7"},"elements":[],"isInner":false,"widgetType":"button","elType":"widget"}],"isInner":false,"elType":"column"}],"isInner":false,"elType":"section"}],"settings":{"template":"elementor_canvas"}}