{"content":[{"id":"78b7c52","settings":{"layout":"full_width","stretch_section":"section-stretched","margin":{"unit":"px","top":"-10","right":0,"bottom":"0","left":0,"isLinked":false}},"elements":[{"id":"334d9f96","settings":{"_column_size":100,"_inline_size":100,"align":"space-evenly","space_between_widgets":100},"elements":[{"id":"37f783a6","settings":{"image":{"url":"http:\/\/localhost\/wordpress\/wp-content\/uploads\/2021\/07\/henry-be-_y5CCcYWTjU-unsplash-edited-scaled.jpg","id":187},"image_size":"full","_padding":{"unit":"px","top":"-27","right":"0","bottom":"0","left":"0","isLinked":false},"hide_tablet":"hidden-tablet","hide_mobile":"hidden-phone"},"elements":[],"isInner":false,"widgetType":"image","elType":"widget"},{"id":"38b46b27","settings":{"title":"Our Menu","align":"center","title_color":"#FFFFFF","typography_typography":"custom","typography_font_family":"Rouge Script","typography_font_size":{"unit":"px","size":80,"sizes":[]},"typography_font_weight":"600","_margin":{"unit":"px","top":"-533","right":"0","bottom":"0","left":"0","isLinked":false}},"elements":[],"isInner":false,"widgetType":"heading","elType":"widget"},{"id":"1353ae73","settings":{"title":"Our aim is inculcate a culture of understanding and appreciating good quality patisserie and bakery.","title_color":"#F9FBFB","typography_typography":"custom","typography_font_family":"Rouge Script","typography_font_size":{"unit":"px","size":42,"sizes":[]},"typography_font_weight":"600","text_shadow_text_shadow_type":"yes","_margin":{"unit":"px","top":"-325","right":"0","bottom":"0","left":"0","isLinked":false}},"elements":[],"isInner":false,"widgetType":"heading","elType":"widget"}],"isInner":false,"elType":"column"}],"isInner":false,"elType":"section"},{"id":"4be3c1e4","settings":{"content_width":{"unit":"px","size":1600,"sizes":[]},"background_background":"classic","background_color":"#F7F2C5","margin":{"unit":"px","top":"-208","right":0,"bottom":"0","left":0,"isLinked":false}},"elements":[{"id":"4302a18c","settings":{"_column_size":100,"_inline_size":null},"elements":[{"id":"45e766e4","settings":{"title":"\"Working diligently every day to make and serve delicious and thoughtful delicacies just the way you will like them\"","title_color":"#7F8A8E","typography_typography":"custom","typography_font_family":"Rouge Script","typography_font_size":{"unit":"px","size":41,"sizes":[]},"typography_font_weight":"600","_margin":{"unit":"px","top":"37","right":"0","bottom":"0","left":"0","isLinked":false}},"elements":[],"isInner":false,"widgetType":"heading","elType":"widget"}],"isInner":false,"elType":"column"}],"isInner":false,"elType":"section"},{"id":"43736064","settings":{"background_background":"classic","background_color":"#FAF1F1","margin":{"unit":"px","top":"54","right":0,"bottom":"0","left":0,"isLinked":false}},"elements":[{"id":"5bf40fa6","settings":{"_column_size":100,"_inline_size":null},"elements":[{"id":"2aa5a169","settings":{"title":"Pastry Cake","title_color":"#252728","typography_typography":"custom","typography_font_family":"Rouge Script","typography_font_size":{"unit":"px","size":36,"sizes":[]},"typography_font_weight":"600"},"elements":[],"isInner":false,"widgetType":"heading","elType":"widget"},{"id":"5f1ce2b","settings":{"text":"Download","typography_typography":"custom","typography_font_family":"Roboto Slab","typography_font_size":{"unit":"px","size":14,"sizes":[]},"typography_font_weight":"500","button_text_color":"#C77777","background_color":"#FFFFFF","_margin":{"unit":"px","top":"-14","right":"0","bottom":"0","left":"0","isLinked":false}},"elements":[],"isInner":false,"widgetType":"button","elType":"widget"}],"isInner":false,"elType":"column"}],"isInner":false,"elType":"section"},{"id":"4bcbeeef","settings":{"background_background":"classic","background_color":"#FBEBEB"},"elements":[{"id":"fd88310","settings":{"_column_size":100,"_inline_size":null},"elements":[{"id":"4a6c6ce3","settings":{"title":"Bistro Menu","title_color":"#1E2122","typography_typography":"custom","typography_font_family":"Rouge Script","typography_font_size":{"unit":"px","size":35,"sizes":[]},"typography_font_weight":"600"},"elements":[],"isInner":false,"widgetType":"heading","elType":"widget"},{"id":"4dd42da1","settings":{"text":"Download","typography_typography":"custom","typography_font_family":"Roboto Slab","typography_font_weight":"500","button_text_color":"#AC5E5E","background_color":"#FFFFFF","_margin":{"unit":"px","top":"-13","right":"0","bottom":"0","left":"0","isLinked":false}},"elements":[],"isInner":false,"widgetType":"button","elType":"widget"}],"isInner":false,"elType":"column"}],"isInner":false,"elType":"section"},{"id":"2b3fe5a2","settings":{"background_background":"classic","background_color":"#CA9F9F"},"elements":[{"id":"6b66002c","settings":{"_column_size":100,"_inline_size":null},"elements":[{"id":"6ef12ee2","settings":{"title":"Bakery Menu","title_color":"#151616","typography_typography":"custom","typography_font_family":"Rouge Script","typography_font_size":{"unit":"px","size":35,"sizes":[]},"typography_font_weight":"600"},"elements":[],"isInner":false,"widgetType":"heading","elType":"widget"},{"id":"3844084c","settings":{"text":"Download","button_text_color":"#974A4A","background_color":"#FFFFFF","_margin":{"unit":"px","top":"-8","right":"0","bottom":"0","left":"0","isLinked":false}},"elements":[],"isInner":false,"widgetType":"button","elType":"widget"}],"isInner":false,"elType":"column"}],"isInner":false,"elType":"section"}],"settings":{"template":"default"}}