{"content":[{"id":"20794a81","settings":{"content_position":"middle","background_background":"classic","background_image":{"id":"1078","url":"http:\/\/localhost\/wordpress\/wp-content\/uploads\/2020\/07\/contact-bg.jpg"},"background_position":"center left","background_overlay_background":"gradient","background_overlay_color":"#FFFFFF","background_overlay_opacity":{"unit":"px","size":"1"},"custom_height_tablet":{"unit":"vh","size":"50"},"padding_tablet":{"unit":"px","top":"240","right":"40","bottom":"160","left":"40","isLinked":""},"padding_mobile":{"unit":"px","top":"200","right":"24","bottom":"80","left":"24","isLinked":""},"padding":{"unit":"px","top":"240","right":"0","bottom":"160","left":"0","isLinked":""},"custom_height_mobile":{"unit":"px","size":"480"},"gap":"no","custom_height":{"unit":"vh","size":"80"},"background_color":"#F9F9F9","background_position_mobile":"center center","background_repeat":"no-repeat","background_size_tablet":"contain","background_size_mobile":"cover","background_bg_width":{"unit":"px","size":"640","sizes":[]},"background_bg_width_mobile":{"unit":"%","size":"200","sizes":[]},"background_overlay_color_b":"rgba(249, 249, 249, 0.29)","background_overlay_color_b_stop":{"unit":"%","size":"50","sizes":[]},"border_radius":{"unit":"px","top":"0","right":"0","bottom":"80","left":"80","isLinked":""},"border_radius_tablet":{"unit":"px","top":"0","right":"0","bottom":"56","left":"56","isLinked":""},"border_radius_mobile":{"unit":"px","top":"0","right":"0","bottom":"32","left":"32","isLinked":""},"background_size":"cover","background_image_tablet":{"url":"","id":""},"background_image_mobile":{"url":"","id":""},"background_video_fallback":{"url":"","id":""},"background_slideshow_gallery":[],"background_hover_image":{"url":"","id":""},"background_hover_image_tablet":{"url":"","id":""},"background_hover_image_mobile":{"url":"","id":""},"background_hover_video_fallback":{"url":"","id":""},"background_hover_slideshow_gallery":[],"background_overlay_image":{"url":"","id":""},"background_overlay_image_tablet":{"url":"","id":""},"background_overlay_image_mobile":{"url":"","id":""},"background_overlay_video_fallback":{"url":"","id":""},"background_overlay_slideshow_gallery":[],"background_overlay_hover_image":{"url":"","id":""},"background_overlay_hover_image_tablet":{"url":"","id":""},"background_overlay_hover_image_mobile":{"url":"","id":""},"background_overlay_hover_video_fallback":{"url":"","id":""},"background_overlay_hover_slideshow_gallery":[]},"elements":[{"id":"49d3a9d3","settings":{"_column_size":"100","padding":{"unit":"%","top":"","right":"","bottom":"","left":"","isLinked":"1"},"padding_tablet":{"unit":"px","top":"0","right":"0","bottom":"0","left":"0","isLinked":"1"},"padding_mobile":{"unit":"px","top":"0","right":"0","bottom":"0","left":"0","isLinked":"1"},"margin_tablet":{"unit":"%","top":"0","right":"50","bottom":"0","left":"0","isLinked":""},"margin_mobile":{"unit":"%","top":"0","right":"40","bottom":"0","left":"0","isLinked":""},"background_image":{"url":"","id":""},"background_image_tablet":{"url":"","id":""},"background_image_mobile":{"url":"","id":""},"background_video_fallback":{"url":"","id":""},"background_slideshow_gallery":[],"background_hover_image":{"url":"","id":""},"background_hover_image_tablet":{"url":"","id":""},"background_hover_image_mobile":{"url":"","id":""},"background_hover_video_fallback":{"url":"","id":""},"background_hover_slideshow_gallery":[],"background_overlay_image":{"url":"","id":""},"background_overlay_image_tablet":{"url":"","id":""},"background_overlay_image_mobile":{"url":"","id":""},"background_overlay_video_fallback":{"url":"","id":""},"background_overlay_slideshow_gallery":[],"background_overlay_hover_image":{"url":"","id":""},"background_overlay_hover_image_tablet":{"url":"","id":""},"background_overlay_hover_image_mobile":{"url":"","id":""},"background_overlay_hover_video_fallback":{"url":"","id":""},"background_overlay_hover_slideshow_gallery":[]},"elements":[{"id":"760cf993","settings":{"title":"Contact Us","typography_font_size":{"unit":"px","size":""},"_padding":{"unit":"px","top":"0","right":"0","bottom":"0","left":"0","isLinked":""},"typography_font_size_mobile":{"unit":"px","size":""},"header_size":"h1","typography_font_size_tablet":{"unit":"px","size":""},"_background_image":{"url":"","id":""},"_background_image_tablet":{"url":"","id":""},"_background_image_mobile":{"url":"","id":""},"_background_video_fallback":{"url":"","id":""},"_background_slideshow_gallery":[],"_background_hover_image":{"url":"","id":""},"_background_hover_image_tablet":{"url":"","id":""},"_background_hover_image_mobile":{"url":"","id":""},"_background_hover_video_fallback":{"url":"","id":""},"_background_hover_slideshow_gallery":[],"_mask_image":{"url":"","id":""}},"elements":[],"isInner":false,"widgetType":"heading","elType":"widget","htmlCache":"\t\t<div class=\"elementor-widget-container\">\n\t\t\t<h1 class=\"elementor-heading-title elementor-size-default\">Contact Us<\/h1>\t\t<\/div>\n\t\t"}],"isInner":"","elType":"column"}],"isInner":"","elType":"section"},{"id":"11be9370","settings":{"gap":"no","structure":"22","padding":{"unit":"px","top":"104","right":"0","bottom":"104","left":"0","isLinked":""},"padding_tablet":{"unit":"px","top":"80","right":"40","bottom":"80","left":"40","isLinked":""},"padding_mobile":{"unit":"px","top":"64","right":"24","bottom":"64","left":"24","isLinked":""},"background_image":{"url":"","id":""},"background_image_tablet":{"url":"","id":""},"background_image_mobile":{"url":"","id":""},"background_video_fallback":{"url":"","id":""},"background_slideshow_gallery":[],"background_hover_image":{"url":"","id":""},"background_hover_image_tablet":{"url":"","id":""},"background_hover_image_mobile":{"url":"","id":""},"background_hover_video_fallback":{"url":"","id":""},"background_hover_slideshow_gallery":[],"background_overlay_image":{"url":"","id":""},"background_overlay_image_tablet":{"url":"","id":""},"background_overlay_image_mobile":{"url":"","id":""},"background_overlay_video_fallback":{"url":"","id":""},"background_overlay_slideshow_gallery":[],"background_overlay_hover_image":{"url":"","id":""},"background_overlay_hover_image_tablet":{"url":"","id":""},"background_overlay_hover_image_mobile":{"url":"","id":""},"background_overlay_hover_video_fallback":{"url":"","id":""},"background_overlay_hover_slideshow_gallery":[]},"elements":[{"id":"55b23f27","settings":{"_column_size":"66","_inline_size_tablet":"100","margin":{"unit":"px","top":"0","right":"80","bottom":"0","left":"0","isLinked":""},"margin_tablet":{"unit":"px","top":"0","right":"0","bottom":"40","left":"0","isLinked":""},"background_image":{"url":"","id":""},"background_image_tablet":{"url":"","id":""},"background_image_mobile":{"url":"","id":""},"background_video_fallback":{"url":"","id":""},"background_slideshow_gallery":[],"background_hover_image":{"url":"","id":""},"background_hover_image_tablet":{"url":"","id":""},"background_hover_image_mobile":{"url":"","id":""},"background_hover_video_fallback":{"url":"","id":""},"background_hover_slideshow_gallery":[],"background_overlay_image":{"url":"","id":""},"background_overlay_image_tablet":{"url":"","id":""},"background_overlay_image_mobile":{"url":"","id":""},"background_overlay_video_fallback":{"url":"","id":""},"background_overlay_slideshow_gallery":[],"background_overlay_hover_image":{"url":"","id":""},"background_overlay_hover_image_tablet":{"url":"","id":""},"background_overlay_hover_image_mobile":{"url":"","id":""},"background_overlay_hover_video_fallback":{"url":"","id":""},"background_overlay_hover_slideshow_gallery":[]},"elements":[{"id":"5834453b","settings":{"title":"Contact Details","header_size":"h3","_margin":{"unit":"px","top":"0","right":"0","bottom":"16","left":"0","isLinked":""},"_background_image":{"url":"","id":""},"_background_image_tablet":{"url":"","id":""},"_background_image_mobile":{"url":"","id":""},"_background_video_fallback":{"url":"","id":""},"_background_slideshow_gallery":[],"_background_hover_image":{"url":"","id":""},"_background_hover_image_tablet":{"url":"","id":""},"_background_hover_image_mobile":{"url":"","id":""},"_background_hover_video_fallback":{"url":"","id":""},"_background_hover_slideshow_gallery":[],"_mask_image":{"url":"","id":""}},"elements":[],"isInner":false,"widgetType":"heading","elType":"widget","htmlCache":"\t\t<div class=\"elementor-widget-container\">\n\t\t\t<h3 class=\"elementor-heading-title elementor-size-default\">Contact Details<\/h3>\t\t<\/div>\n\t\t"},{"id":"662f33bc","settings":{"selected_icon":{"value":"fas fa-map-marker-alt","library":"fa-solid"},"view":"stacked","title_text":"Our Location","description_text":"1569 2nd Ave, New York,<br \/>NY 10028, USA\u200b","position":"left","title_size":"h4","primary_color":"rgba(117, 195, 44, 0.12)","secondary_color":"#75C32C","icon_space":{"unit":"px","size":"16","sizes":[]},"icon_size":{"unit":"px","size":"20","sizes":[]},"icon_size_tablet":{"unit":"px","size":"14","sizes":[]},"icon_padding":{"unit":"px","size":"16","sizes":[]},"text_align":"left","title_bottom_space":{"unit":"px","size":"8","sizes":[]},"_margin":{"unit":"px","top":"0","right":"32","bottom":"0","left":"0","isLinked":""},"_margin_tablet":{"unit":"px","top":"0","right":"24","bottom":"0","left":"0","isLinked":""},"_margin_mobile":{"unit":"px","top":"0","right":"80","bottom":"40","left":"0","isLinked":""},"_element_width":"auto","_element_width_mobile":"inherit","_background_image":{"url":"","id":""},"_background_image_tablet":{"url":"","id":""},"_background_image_mobile":{"url":"","id":""},"_background_video_fallback":{"url":"","id":""},"_background_slideshow_gallery":[],"_background_hover_image":{"url":"","id":""},"_background_hover_image_tablet":{"url":"","id":""},"_background_hover_image_mobile":{"url":"","id":""},"_background_hover_video_fallback":{"url":"","id":""},"_background_hover_slideshow_gallery":[],"_mask_image":{"url":"","id":""}},"elements":[],"isInner":false,"widgetType":"icon-box","elType":"widget","htmlCache":"\t\t<div class=\"elementor-widget-container\">\n\t\t\t\t\t<div class=\"elementor-icon-box-wrapper\">\n\t\t\t\t\t\t<div class=\"elementor-icon-box-icon\">\n\t\t\t\t<span class=\"elementor-icon elementor-animation-\" >\n\t\t\t\t<i aria-hidden=\"true\" class=\"fas fa-map-marker-alt\"><\/i>\t\t\t\t<\/span>\n\t\t\t<\/div>\n\t\t\t\t\t\t<div class=\"elementor-icon-box-content\">\n\t\t\t\t<h4 class=\"elementor-icon-box-title\">\n\t\t\t\t\t<span >Our Location<\/span>\n\t\t\t\t<\/h4>\n\t\t\t\t\t\t\t\t<p class=\"elementor-icon-box-description\">1569 2nd Ave, New York,<br \/>NY 10028, USA\u200b<\/p>\n\t\t\t\t\t\t\t<\/div>\n\t\t<\/div>\n\t\t\t\t<\/div>\n\t\t"},{"id":"47dfcc05","settings":{"selected_icon":{"value":"fas fa-phone","library":"fa-solid"},"view":"stacked","title_text":"Call Us","description_text":"+123 456 7890<br \/>+123 456 7891","position":"left","title_size":"h4","primary_color":"rgba(117, 195, 44, 0.12)","secondary_color":"#75C32C","icon_space":{"unit":"px","size":"16","sizes":[]},"icon_size":{"unit":"px","size":"20","sizes":[]},"icon_size_tablet":{"unit":"px","size":"14","sizes":[]},"icon_padding":{"unit":"px","size":"16","sizes":[]},"text_align":"left","title_bottom_space":{"unit":"px","size":"8","sizes":[]},"_margin":{"unit":"px","top":"0","right":"32","bottom":"0","left":"0","isLinked":""},"_margin_tablet":{"unit":"px","top":"0","right":"24","bottom":"0","left":"0","isLinked":""},"_margin_mobile":{"unit":"px","top":"0","right":"80","bottom":"40","left":"0","isLinked":""},"_element_width":"auto","_element_width_mobile":"inherit","_background_image":{"url":"","id":""},"_background_image_tablet":{"url":"","id":""},"_background_image_mobile":{"url":"","id":""},"_background_video_fallback":{"url":"","id":""},"_background_slideshow_gallery":[],"_background_hover_image":{"url":"","id":""},"_background_hover_image_tablet":{"url":"","id":""},"_background_hover_image_mobile":{"url":"","id":""},"_background_hover_video_fallback":{"url":"","id":""},"_background_hover_slideshow_gallery":[],"_mask_image":{"url":"","id":""}},"elements":[],"isInner":false,"widgetType":"icon-box","elType":"widget","htmlCache":"\t\t<div class=\"elementor-widget-container\">\n\t\t\t\t\t<div class=\"elementor-icon-box-wrapper\">\n\t\t\t\t\t\t<div class=\"elementor-icon-box-icon\">\n\t\t\t\t<span class=\"elementor-icon elementor-animation-\" >\n\t\t\t\t<i aria-hidden=\"true\" class=\"fas fa-phone\"><\/i>\t\t\t\t<\/span>\n\t\t\t<\/div>\n\t\t\t\t\t\t<div class=\"elementor-icon-box-content\">\n\t\t\t\t<h4 class=\"elementor-icon-box-title\">\n\t\t\t\t\t<span >Call Us<\/span>\n\t\t\t\t<\/h4>\n\t\t\t\t\t\t\t\t<p class=\"elementor-icon-box-description\">+123 456 7890<br \/>+123 456 7891<\/p>\n\t\t\t\t\t\t\t<\/div>\n\t\t<\/div>\n\t\t\t\t<\/div>\n\t\t"},{"id":"15585c8a","settings":{"selected_icon":{"value":"fas fa-envelope","library":"fa-solid"},"view":"stacked","title_text":"Our Email","description_text":"info@example.com<br \/>support@example.com","position":"left","title_size":"h4","primary_color":"rgba(117, 195, 44, 0.12)","secondary_color":"#75C32C","icon_space":{"unit":"px","size":"16","sizes":[]},"icon_size":{"unit":"px","size":"16","sizes":[]},"icon_size_tablet":{"unit":"px","size":"14","sizes":[]},"icon_padding":{"unit":"px","size":"16","sizes":[]},"text_align":"left","title_bottom_space":{"unit":"px","size":"8","sizes":[]},"_margin_mobile":{"unit":"px","top":"0","right":"80","bottom":"40","left":"0","isLinked":""},"_element_width":"auto","_element_width_mobile":"inherit","_background_image":{"url":"","id":""},"_background_image_tablet":{"url":"","id":""},"_background_image_mobile":{"url":"","id":""},"_background_video_fallback":{"url":"","id":""},"_background_slideshow_gallery":[],"_background_hover_image":{"url":"","id":""},"_background_hover_image_tablet":{"url":"","id":""},"_background_hover_image_mobile":{"url":"","id":""},"_background_hover_video_fallback":{"url":"","id":""},"_background_hover_slideshow_gallery":[],"_mask_image":{"url":"","id":""}},"elements":[],"isInner":false,"widgetType":"icon-box","elType":"widget","htmlCache":"\t\t<div class=\"elementor-widget-container\">\n\t\t\t\t\t<div class=\"elementor-icon-box-wrapper\">\n\t\t\t\t\t\t<div class=\"elementor-icon-box-icon\">\n\t\t\t\t<span class=\"elementor-icon elementor-animation-\" >\n\t\t\t\t<i aria-hidden=\"true\" class=\"fas fa-envelope\"><\/i>\t\t\t\t<\/span>\n\t\t\t<\/div>\n\t\t\t\t\t\t<div class=\"elementor-icon-box-content\">\n\t\t\t\t<h4 class=\"elementor-icon-box-title\">\n\t\t\t\t\t<span >Our Email<\/span>\n\t\t\t\t<\/h4>\n\t\t\t\t\t\t\t\t<p class=\"elementor-icon-box-description\">info@example.com<br \/>support@example.com<\/p>\n\t\t\t\t\t\t\t<\/div>\n\t\t<\/div>\n\t\t\t\t<\/div>\n\t\t"},{"id":"7b0bd54b","settings":{"text":"Divider","color":"#EFEEF4","gap":{"unit":"px","size":"24","sizes":[]},"_margin":{"unit":"px","top":"16","right":"0","bottom":"0","left":"0","isLinked":""},"_margin_mobile":{"unit":"px","top":"0","right":"0","bottom":"0","left":"0","isLinked":""},"icon":{"value":"fas fa-star","library":"fa-solid"},"_background_image":{"url":"","id":""},"_background_image_tablet":{"url":"","id":""},"_background_image_mobile":{"url":"","id":""},"_background_video_fallback":{"url":"","id":""},"_background_slideshow_gallery":[],"_background_hover_image":{"url":"","id":""},"_background_hover_image_tablet":{"url":"","id":""},"_background_hover_image_mobile":{"url":"","id":""},"_background_hover_video_fallback":{"url":"","id":""},"_background_hover_slideshow_gallery":[],"_mask_image":{"url":"","id":""}},"elements":[],"isInner":false,"widgetType":"divider","elType":"widget","htmlCache":"\t\t<div class=\"elementor-widget-container\">\n\t\t\t\t\t<div class=\"elementor-divider\">\n\t\t\t<span class=\"elementor-divider-separator\">\n\t\t\t\t\t\t<\/span>\n\t\t<\/div>\n\t\t\t\t<\/div>\n\t\t"},{"id":"1840f81e","settings":{"title":"Send Us a Message","typography_font_size":{"unit":"px","size":""},"_padding":{"unit":"px","top":"0","right":"0","bottom":"0","left":"0","isLinked":""},"typography_font_size_mobile":{"unit":"px","size":""},"header_size":"h3","typography_font_size_tablet":{"unit":"px","size":""},"_background_image":{"url":"","id":""},"_background_image_tablet":{"url":"","id":""},"_background_image_mobile":{"url":"","id":""},"_background_video_fallback":{"url":"","id":""},"_background_slideshow_gallery":[],"_background_hover_image":{"url":"","id":""},"_background_hover_image_tablet":{"url":"","id":""},"_background_hover_image_mobile":{"url":"","id":""},"_background_hover_video_fallback":{"url":"","id":""},"_background_hover_slideshow_gallery":[],"_mask_image":{"url":"","id":""}},"elements":[],"isInner":false,"widgetType":"heading","elType":"widget","htmlCache":"\t\t<div class=\"elementor-widget-container\">\n\t\t\t<h3 class=\"elementor-heading-title elementor-size-default\">Send Us a Message<\/h3>\t\t<\/div>\n\t\t"},{"id":"2a161071","settings":{"shortcode":"[wpforms id=\"490\"]","_margin_tablet":{"unit":"px","top":"30","right":"0","bottom":"-10","left":"0","isLinked":""},"_background_image":{"url":"","id":""},"_background_image_tablet":{"url":"","id":""},"_background_image_mobile":{"url":"","id":""},"_background_video_fallback":{"url":"","id":""},"_background_slideshow_gallery":[],"_background_hover_image":{"url":"","id":""},"_background_hover_image_tablet":{"url":"","id":""},"_background_hover_image_mobile":{"url":"","id":""},"_background_hover_video_fallback":{"url":"","id":""},"_background_hover_slideshow_gallery":[],"_mask_image":{"url":"","id":""}},"elements":[],"isInner":false,"widgetType":"shortcode","elType":"widget","htmlCache":"\t\t<div class=\"elementor-widget-container\">\n\t\t\t\t\t<div class=\"elementor-shortcode\"><\/div>\n\t\t\t\t<\/div>\n\t\t"}],"isInner":"","elType":"column"},{"id":"3df7f7e7","settings":{"_column_size":"33","_inline_size_tablet":"100","background_image":{"url":"","id":""},"background_image_tablet":{"url":"","id":""},"background_image_mobile":{"url":"","id":""},"background_video_fallback":{"url":"","id":""},"background_slideshow_gallery":[],"background_hover_image":{"url":"","id":""},"background_hover_image_tablet":{"url":"","id":""},"background_hover_image_mobile":{"url":"","id":""},"background_hover_video_fallback":{"url":"","id":""},"background_hover_slideshow_gallery":[],"background_overlay_image":{"url":"","id":""},"background_overlay_image_tablet":{"url":"","id":""},"background_overlay_image_mobile":{"url":"","id":""},"background_overlay_video_fallback":{"url":"","id":""},"background_overlay_slideshow_gallery":[],"background_overlay_hover_image":{"url":"","id":""},"background_overlay_hover_image_tablet":{"url":"","id":""},"background_overlay_hover_image_mobile":{"url":"","id":""},"background_overlay_hover_video_fallback":{"url":"","id":""},"background_overlay_hover_slideshow_gallery":[]},"elements":[{"id":"fdbd22b","settings":{"title":"Find Us","header_size":"h3","_margin":{"unit":"px","top":"0","right":"0","bottom":"8","left":"0","isLinked":""},"_background_image":{"url":"","id":""},"_background_image_tablet":{"url":"","id":""},"_background_image_mobile":{"url":"","id":""},"_background_video_fallback":{"url":"","id":""},"_background_slideshow_gallery":[],"_background_hover_image":{"url":"","id":""},"_background_hover_image_tablet":{"url":"","id":""},"_background_hover_image_mobile":{"url":"","id":""},"_background_hover_video_fallback":{"url":"","id":""},"_background_hover_slideshow_gallery":[],"_mask_image":{"url":"","id":""}},"elements":[],"isInner":false,"widgetType":"heading","elType":"widget","htmlCache":"\t\t<div class=\"elementor-widget-container\">\n\t\t\t<h3 class=\"elementor-heading-title elementor-size-default\">Find Us<\/h3>\t\t<\/div>\n\t\t"},{"id":"46d60f83","settings":{"address":"1569 2nd avenue, new york","zoom":{"unit":"px","size":"14","sizes":[]},"height":{"unit":"px","size":"560","sizes":[]},"height_tablet":{"unit":"px","size":"400","sizes":[]},"_background_image":{"url":"","id":""},"_background_image_tablet":{"url":"","id":""},"_background_image_mobile":{"url":"","id":""},"_background_video_fallback":{"url":"","id":""},"_background_slideshow_gallery":[],"_background_hover_image":{"url":"","id":""},"_background_hover_image_tablet":{"url":"","id":""},"_background_hover_image_mobile":{"url":"","id":""},"_background_hover_video_fallback":{"url":"","id":""},"_background_hover_slideshow_gallery":[],"_mask_image":{"url":"","id":""}},"elements":[],"isInner":false,"widgetType":"google_maps","elType":"widget","htmlCache":"\t\t<div class=\"elementor-widget-container\">\n\t\t\t\t\t<div class=\"elementor-custom-embed\">\n\t\t\t<iframe frameborder=\"0\" scrolling=\"no\" marginheight=\"0\" marginwidth=\"0\" src=\"https:\/\/maps.google.com\/maps?q=1569%202nd%20avenue%2C%20new%20york&amp;t=m&amp;z=14&amp;output=embed&amp;iwloc=near\" title=\"%3$s\" aria-label=\"%3$s\"><\/iframe>\n\t\t<\/div>\n\t\t\t\t<\/div>\n\t\t"},{"id":"ceed78c","settings":{"text":"Open Map Navigation","selected_icon":{"value":"fas fa-location-arrow","library":"fa-solid"},"icon_indent":{"unit":"px","size":"8","sizes":[]},"button_text_color":"#FC7978","background_color":"rgba(2, 1, 1, 0)","hover_color":"#2B2F38","text_padding":{"unit":"px","top":"0","right":"0","bottom":"0","left":"0","isLinked":""},"_margin":{"unit":"px","top":"8","right":"0","bottom":"0","left":"0","isLinked":""},"_margin_mobile":{"unit":"px","top":"0","right":"0","bottom":"0","left":"0","isLinked":""},"background_video_fallback":{"url":"","id":""},"background_slideshow_gallery":[],"button_background_hover_video_fallback":{"url":"","id":""},"button_background_hover_slideshow_gallery":[],"_background_image":{"url":"","id":""},"_background_image_tablet":{"url":"","id":""},"_background_image_mobile":{"url":"","id":""},"_background_video_fallback":{"url":"","id":""},"_background_slideshow_gallery":[],"_background_hover_image":{"url":"","id":""},"_background_hover_image_tablet":{"url":"","id":""},"_background_hover_image_mobile":{"url":"","id":""},"_background_hover_video_fallback":{"url":"","id":""},"_background_hover_slideshow_gallery":[],"_mask_image":{"url":"","id":""}},"elements":[],"isInner":false,"widgetType":"button","elType":"widget","htmlCache":"\t\t<div class=\"elementor-widget-container\">\n\t\t\t\t\t<div class=\"elementor-button-wrapper\">\n\t\t\t<a href=\"#\" class=\"elementor-button-link elementor-button elementor-size-sm\" role=\"button\">\n\t\t\t\t\t\t<span class=\"elementor-button-content-wrapper\">\n\t\t\t\t\t\t<span class=\"elementor-button-icon elementor-align-icon-left\">\n\t\t\t\t<i aria-hidden=\"true\" class=\"fas fa-location-arrow\"><\/i>\t\t\t<\/span>\n\t\t\t\t\t\t<span class=\"elementor-button-text\">Open Map Navigation<\/span>\n\t\t<\/span>\n\t\t\t\t\t<\/a>\n\t\t<\/div>\n\t\t\t\t<\/div>\n\t\t"}],"isInner":"","elType":"column"}],"isInner":"","elType":"section"}],"settings":{"template":"default","astra_sites_main_color":"#75c32c","astra_sites_heading_base_color":"#2b2f38","astra_sites_link_color":"#fc7978","astra_sites_link_hover_color":"#fc5f5f","astra_sites_text_color":"#5d6167","astra_sites_body_typography":"custom","astra_sites_body_font_size":{"unit":"px","size":15},"astra_sites_body_font_family":"Poppins","astra_sites_body_font_weight":"400","astra_sites_heading_1_typography":"custom","astra_sites_heading_1_font_size":{"unit":"px","size":64},"astra_sites_heading_1_font_size_tablet":{"unit":"px","size":40},"astra_sites_heading_1_font_size_mobile":{"unit":"px","size":28},"astra_sites_default_heading_font_family":"'Poppins', sans-serif","astra_sites_heading_1_font_family":"'Poppins'","astra_sites_heading_1_font_weight":"500","astra_sites_heading_2_typography":"custom","astra_sites_heading_2_font_size":{"unit":"px","size":40},"astra_sites_heading_2_font_size_tablet":{"unit":"px","size":32},"astra_sites_heading_2_font_size_mobile":{"unit":"px","size":24},"astra_sites_heading_2_font_family":"'Poppins'","astra_sites_heading_2_font_weight":"500","astra_sites_heading_3_typography":"custom","astra_sites_heading_3_font_size":{"unit":"px","size":24},"astra_sites_heading_3_font_size_tablet":{"unit":"px","size":24},"astra_sites_heading_3_font_size_mobile":{"unit":"px","size":20},"astra_sites_heading_3_font_family":"'Poppins'","astra_sites_heading_3_font_weight":"500","astra_sites_heading_4_typography":"custom","astra_sites_heading_4_font_size":{"unit":"px","size":20},"astra_sites_heading_4_font_family":"'Poppins'","astra_sites_heading_4_font_weight":"500","astra_sites_heading_5_typography":"custom","astra_sites_heading_5_font_size":{"unit":"px","size":18},"astra_sites_heading_5_font_family":"'Poppins'","astra_sites_heading_5_font_weight":"500","astra_sites_heading_6_typography":"custom","astra_sites_heading_6_font_size":{"unit":"px","size":14},"astra_sites_heading_6_font_family":"'Poppins'","astra_sites_heading_6_font_weight":"500","astra_sites_page_setting_enable":""}}