{"content":[],"settings":{"template":"default","system_colors":[{"_id":"primary","title":"Primary","color":"#6EC1E4"},{"_id":"secondary","title":"Secondary","color":"#54595F"},{"_id":"text","title":"Text","color":"#7A7A7A"},{"_id":"accent","title":"Accent","color":"#61CE70"}],"custom_colors":[{"_id":"fc4c31d","title":"New Item #1"}],"system_typography":[{"_id":"primary","title":"Primary","typography_typography":"custom","typography_font_family":"Roboto","typography_font_weight":"600"},{"_id":"secondary","title":"Secondary","typography_typography":"custom","typography_font_family":"Roboto Slab","typography_font_weight":"400"},{"_id":"text","title":"Text","typography_typography":"custom","typography_font_family":"Roboto","typography_font_weight":"400"},{"_id":"accent","title":"Accent","typography_typography":"custom","typography_font_family":"Roboto","typography_font_weight":"500"}],"custom_typography":[],"default_generic_fonts":"Sans-serif","site_name":"Coffee Shop","site_description":"Coffee Shop Website","container_width":{"unit":"px","size":"1200","sizes":[]},"page_title_selector":"h1.entry-title","viewport_md":768,"viewport_lg":1025,"button_border_border":"solid","button_border_color":"#030202","activeItemIndex":1}}