{"content":[{"id":"5cb5c0ac","settings":{"content_width":{"unit":"px","size":1600,"sizes":[]},"margin":{"unit":"px","top":"-9","right":0,"bottom":"0","left":0,"isLinked":false},"padding":{"unit":"px","top":"-27","right":"-39","bottom":"0","left":"33","isLinked":false}},"elements":[{"id":"663686c8","settings":{"_column_size":100,"_inline_size":100,"align":"space-evenly","margin":{"unit":"px","top":"0","right":"0","bottom":"0","left":"0","isLinked":false}},"elements":[{"id":"6f29c52a","settings":{"image":{"url":"http:\/\/localhost\/wordpress\/wp-content\/uploads\/2021\/07\/jonathan-borba-5G9uIkAXLSc-unsplash-1-scaled.jpg","id":307},"image_size":"full","opacity":{"unit":"px","size":1,"sizes":[]},"hide_mobile":"hidden-phone","width":{"unit":"%","size":100,"sizes":[]},"_padding":{"unit":"px","top":"0","right":"0","bottom":"0","left":"0","isLinked":false},"_margin":{"unit":"px","top":"0","right":"0","bottom":"0","left":"0","isLinked":false}},"elements":[],"isInner":false,"widgetType":"image","elType":"widget"},{"id":"16d6fde2","settings":{"title":"","title_color":"#FEFEFE","typography_typography":"custom","typography_font_family":"Rochester","typography_font_size":{"unit":"px","size":42,"sizes":[]},"typography_font_weight":"600","_margin":{"unit":"px","top":"-244","right":"0","bottom":"0","left":"0","isLinked":false}},"elements":[],"isInner":false,"widgetType":"heading","elType":"widget"},{"id":"66b041a3","settings":{"title":"Working diligently everyday to make\nand serve delicious and thoughtful delicacies just the way you will like them","header_size":"span","align":"right","title_color":"#FBDF4E","typography_typography":"custom","typography_font_family":"Rochester","typography_font_size":{"unit":"px","size":42,"sizes":[]},"typography_font_weight":"600","_margin":{"unit":"px","top":"-259","right":"0","bottom":"0","left":"0","isLinked":false},"hide_mobile":"hidden-phone"},"elements":[],"isInner":false,"widgetType":"heading","elType":"widget"}],"isInner":false,"elType":"column"}],"isInner":false,"elType":"section"},{"id":"13621f98","settings":{"structure":"20"},"elements":[{"id":"66f7e5e0","settings":{"_column_size":50,"_inline_size":null},"elements":[{"id":"2ce89002","settings":{"image":{"url":"http:\/\/localhost\/wordpress\/wp-content\/uploads\/2021\/07\/mae-mu-kID9sxbJ3BQ-unsplash-scaled.jpg","id":125},"image_size":"medium_large","_padding":{"unit":"px","top":"-62","right":"0","bottom":"0","left":"0","isLinked":false}},"elements":[],"isInner":false,"widgetType":"image","elType":"widget"}],"isInner":false,"elType":"column"},{"id":"1a462673","settings":{"_column_size":50,"_inline_size":null},"elements":[{"id":"24df8b05","settings":{"title":"About Us","align":"center","title_color":"#0D1519","typography_typography":"custom","typography_font_family":"Rouge Script","typography_font_size":{"unit":"px","size":40,"sizes":[]},"typography_font_weight":"600","typography_letter_spacing":{"unit":"px","size":0.6,"sizes":[]}},"elements":[],"isInner":false,"widgetType":"heading","elType":"widget"},{"id":"21a45302","settings":[],"elements":[],"isInner":false,"widgetType":"text-editor","elType":"widget"}],"isInner":false,"elType":"column"}],"isInner":false,"elType":"section"},{"id":"4631e572","settings":{"stretch_section":"section-stretched","structure":"20","background_background":"classic","background_color":"#FFF3F3","margin":{"unit":"px","top":"36","right":0,"bottom":"0","left":0,"isLinked":false}},"elements":[{"id":"4a5f8b54","settings":{"_column_size":50,"_inline_size":null},"elements":[{"id":"274a8db","settings":{"title":"Our Story","align":"center","title_color":"#08090A","typography_typography":"custom","typography_font_family":"Rouge Script","typography_font_size":{"unit":"px","size":35,"sizes":[]},"typography_font_weight":"600","typography_letter_spacing":{"unit":"px","size":1.4,"sizes":[]}},"elements":[],"isInner":false,"widgetType":"heading","elType":"widget"},{"id":"5fa133bc","settings":{"editor":"<p>Cakes and cookies was started in August 2019 with a vision to bring high-end cakes, deserts and breads to the city of Bhopal and Central India. Since our inception, BBC has gained a reputation for serving up \u2018big city\u2019-standard baked goods and for creating a culture that values the art of baking.<\/p>","typography_typography":"custom","typography_font_family":"Rochester","typography_font_size":{"unit":"px","size":25,"sizes":[]},"typography_font_weight":"400"},"elements":[],"isInner":false,"widgetType":"text-editor","elType":"widget"}],"isInner":false,"elType":"column"},{"id":"474a8a80","settings":{"_column_size":50,"_inline_size":null},"elements":[{"id":"20c8da82","settings":{"image":{"url":"http:\/\/localhost\/wordpress\/wp-content\/uploads\/2021\/07\/jeanie-de-klerk-jvdzBSV082s-unsplash-scaled.jpg","id":217},"image_size":"medium_large","_padding":{"unit":"px","top":"17","right":"0","bottom":"0","left":"0","isLinked":false}},"elements":[],"isInner":false,"widgetType":"image","elType":"widget"}],"isInner":false,"elType":"column"}],"isInner":false,"elType":"section"},{"id":"4b472174","settings":{"background_background":"classic","background_color":"#FFFCED","margin":{"unit":"px","top":"54","right":0,"bottom":"0","left":0,"isLinked":false}},"elements":[{"id":"af4119a","settings":{"_column_size":100,"_inline_size":null},"elements":[{"id":"232f7314","settings":{"title":"Testimonials","align":"center","title_color":"#000000","typography_typography":"custom","typography_font_family":"Rouge Script","typography_font_size":{"unit":"px","size":48,"sizes":[]},"typography_font_weight":"600","typography_letter_spacing":{"unit":"px","size":1.5,"sizes":[]}},"elements":[],"isInner":false,"widgetType":"heading","elType":"widget"},{"id":"4223545a","settings":{"testimonial_content":"Lovely ambience and staff. My favourite place to work out from and I love how they keep introducing new food and drinks in their menu. Great music and lovely decor.This places is one of the best cafes in Bhopal and trust me I have tried many, out of all I liked this one the most. Sophistication is the word to define the ambience, service, menu and food. I have tried waffles, cold coffee and sandwich here, the quality of which is real great. I would suggest this place to all gourmets.\n","testimonial_name":"Sankalp Sharma","testimonial_job":"Designer","content_content_color":"#100606","content_typography_typography":"custom","content_typography_font_family":"Rouge Script","content_typography_font_size":{"unit":"px","size":26,"sizes":[]},"content_typography_font_weight":"400"},"elements":[],"isInner":false,"widgetType":"testimonial","elType":"widget"}],"isInner":false,"elType":"column"}],"isInner":false,"elType":"section"},{"id":"49694517","settings":{"structure":"20"},"elements":[{"id":"7d9e6240","settings":{"_column_size":50,"_inline_size":null},"elements":[{"id":"700ac9fd","settings":{"woolentor_product_grid_column":"2"},"elements":[],"isInner":false,"widgetType":"woolentor-universal-product","elType":"widget"}],"isInner":false,"elType":"column"},{"id":"447a42f7","settings":{"_column_size":50,"_inline_size":null},"elements":[{"id":"53c448a6","settings":[],"elements":[],"isInner":false,"widgetType":"wl-single-product-title","elType":"widget"},{"id":"2419e811","settings":[],"elements":[],"isInner":false,"widgetType":"wl-single-product-description","elType":"widget"},{"id":"165b508c","settings":[],"elements":[],"isInner":false,"widgetType":"wl-single-product-price","elType":"widget"},{"id":"7d737ea7","settings":[],"elements":[],"isInner":false,"widgetType":"wl-product-add-to-cart","elType":"widget"}],"isInner":false,"elType":"column"}],"isInner":false,"elType":"section"}],"settings":[]}