{"content":[{"id":"495ca6b2","settings":[],"elements":[{"id":"4d108a92","settings":{"_column_size":100,"_inline_size":null},"elements":[{"id":"78227b9a","settings":{"carousel":[{"id":216,"url":"http:\/\/127.0.0.1\/wordpress\/wp-content\/uploads\/2021\/07\/alex-loup-aX_ljOOyWJY-unsplash-scaled.jpg"},{"id":197,"url":"http:\/\/127.0.0.1\/wordpress\/wp-content\/uploads\/2021\/07\/henry-be-_y5CCcYWTjU-unsplash-2-scaled.jpg"},{"id":200,"url":"http:\/\/127.0.0.1\/wordpress\/wp-content\/uploads\/2021\/07\/natallia-nagorniak-dvd1NSoteHg-unsplash-scaled.jpg"}],"thumbnail_size":"medium_large","slides_to_show":"2","slides_to_scroll":"1","image_stretch":"yes","navigation":"dots","dots_size":{"unit":"px","size":9,"sizes":[]},"_margin":{"unit":"px","top":"-49","right":"-51","bottom":"0","left":"-46","isLinked":false},"_padding":{"unit":"px","top":"-19","right":"0","bottom":"0","left":"-12","isLinked":false},"hide_tablet":"hidden-tablet","hide_mobile":"hidden-phone"},"elements":[],"isInner":false,"widgetType":"image-carousel","elType":"widget"}],"isInner":false,"elType":"column"}],"isInner":false,"elType":"section"},{"id":"62b34b97","settings":[],"elements":[{"id":"65609b8c","settings":{"_column_size":100,"_inline_size":null},"elements":[{"id":"7b2a4b6","settings":{"title":"About Us","align":"center","title_color":"#08090A","typography_typography":"custom","typography_font_family":"Vollkorn SC","typography_font_size":{"unit":"px","size":42,"sizes":[]},"typography_font_weight":"600","typography_letter_spacing":{"unit":"px","size":3.2,"sizes":[]},"_background_background":"classic","_background_color":"#FFF9F9"},"elements":[],"isInner":false,"widgetType":"heading","elType":"widget"}],"isInner":false,"elType":"column"}],"isInner":false,"elType":"section"},{"id":"b89381b","settings":{"structure":"20","background_background":"classic","background_color":"#FEFFE1"},"elements":[{"id":"28041e9c","settings":{"_column_size":50,"_inline_size":null},"elements":[{"id":"4040d99d","settings":{"editor":"<p>C&amp;C is a high-end authentic patisserie and bakery store specializing in contemporary pastries, breads and other baked products. The brand has always been about quality and excellence. Each of our offerings, from our cakes, mini creations, macarons, chocolates, croissants all adhere to the strictest standards of perfection and elegance. Our flavour combinations, delicate finishes, glazes and festive offerings are comparable to any of the leading bakery brands around the country.<\/p>","text_color":"#000000","typography_typography":"custom","typography_font_family":"Vollkorn SC","typography_font_size":{"unit":"px","size":19,"sizes":[]},"typography_font_weight":"400","typography_line_height":{"unit":"em","size":1.8,"sizes":[]},"typography_letter_spacing":{"unit":"px","size":0.9,"sizes":[]},"_background_background":"classic","_background_color":"#FFFED7"},"elements":[],"isInner":false,"widgetType":"text-editor","elType":"widget"}],"isInner":false,"elType":"column"},{"id":"62c9f4bf","settings":{"_column_size":50,"_inline_size":null},"elements":[{"id":"3f8fa608","settings":{"image":{"url":"http:\/\/127.0.0.1\/wordpress\/wp-content\/uploads\/2021\/07\/jeanie-de-klerk-jvdzBSV082s-unsplash-scaled.jpg","id":217},"_background_background":"classic","_background_color":"#FFFAA5"},"elements":[],"isInner":false,"widgetType":"image","elType":"widget"}],"isInner":false,"elType":"column"}],"isInner":false,"elType":"section"},{"id":"49128eac","settings":{"structure":"20","background_background":"classic","margin":{"unit":"px","top":"71","right":0,"bottom":"71","left":0,"isLinked":true}},"elements":[{"id":"16378a7b","settings":{"_column_size":50,"_inline_size":null},"elements":[{"id":"60617168","settings":{"image":{"url":"http:\/\/127.0.0.1\/wordpress\/wp-content\/uploads\/2021\/07\/mae-mu-kID9sxbJ3BQ-unsplash-2-scaled.jpg","id":196},"image_size":"2048x2048"},"elements":[],"isInner":false,"widgetType":"image","elType":"widget"}],"isInner":false,"elType":"column"},{"id":"40fd154f","settings":{"_column_size":50,"_inline_size":null},"elements":[{"id":"3f55b99b","settings":[],"elements":[{"id":"59cda9f5","settings":{"_column_size":100,"_inline_size":null},"elements":[{"id":"1626c852","settings":{"title":"Areas Of Specialization","size":"large","align":"center","title_color":"#2D3538","typography_typography":"custom","typography_font_family":"Vollkorn SC","typography_font_size":{"unit":"px","size":35,"sizes":[]},"typography_font_weight":"600","typography_font_style":"oblique","typography_letter_spacing":{"unit":"px","size":1.8,"sizes":[]},"_background_background":"classic","_background_color":"#F8D5FA"},"elements":[],"isInner":false,"widgetType":"heading","elType":"widget"}],"isInner":true,"elType":"column"}],"isInner":true,"elType":"section"},{"id":"6070213b","settings":[],"elements":[{"id":"3beb249a","settings":{"_column_size":100,"_inline_size":null},"elements":[{"id":"614017d6","settings":{"editor":"<h5 class=\"col-md-1 col-sm-1 col-xs-12\"><strong style=\"font-size: 1.7em;\">Breads<\/strong><\/h5><div class=\"col-md-6\"><div class=\"choose-content mb-40\"><div class=\"choose-text\"><p>Using a blend of foreign and domestic flours and techniques, BBC offers guests high-quality breads that meet international standards as well as cater to local tastes.<\/p><h5><strong style=\"font-size: 1.5em;\">Cakes and Entremets<\/strong><\/h5><\/div><\/div><div class=\"choose-content mb-40\"><div class=\"choose-text\"><p>Using imported butter-cream frostings and ganaches,C&amp;C offers its guests a range of rich and flavorful cakes with the option of customized flavors and designs to create a unique and memorable experience.<\/p><div class=\"choose-content mb-40\"><h5 class=\"choose-text\"><strong style=\"font-size: 1.7em;\">Mini Creations<\/strong><\/h5><\/div><div class=\"choose-content mb-40\"><div class=\"choose-text\"><p>Moving away from rich cream and truffle based pastries,C&amp;C offers its guests uniquely designed individual creations with very distinct flavour combinations and delicate presentations.<\/p><\/div><\/div><\/div><\/div><\/div>","text_color":"#000000","typography_typography":"custom","typography_font_family":"Vollkorn SC","typography_font_size":{"unit":"px","size":18,"sizes":[]},"typography_font_weight":"400","typography_line_height":{"unit":"em","size":1.7,"sizes":[]}},"elements":[],"isInner":false,"widgetType":"text-editor","elType":"widget"}],"isInner":true,"elType":"column"}],"isInner":true,"elType":"section"}],"isInner":false,"elType":"column"}],"isInner":false,"elType":"section"}],"settings":{"template":"default"}}