{"content":[{"id":"5f53c7e6","settings":{"content_width":{"unit":"px","size":1600,"sizes":[]},"margin":{"unit":"px","top":"-9","right":0,"bottom":"0","left":0,"isLinked":false},"padding":{"unit":"px","top":"-27","right":"-39","bottom":"0","left":"33","isLinked":false}},"elements":[{"id":"36261e0e","settings":{"_column_size":100,"_inline_size":100,"align":"space-evenly","margin":{"unit":"px","top":"0","right":"0","bottom":"0","left":"0","isLinked":false}},"elements":[{"id":"3c69fde4","settings":{"image":{"url":"http:\/\/localhost\/wordpress\/wp-content\/uploads\/2021\/07\/jonathan-borba-5G9uIkAXLSc-unsplash-1-scaled.jpg","id":307},"image_size":"full","opacity":{"unit":"px","size":1,"sizes":[]},"hide_mobile":"hidden-phone","width":{"unit":"%","size":100,"sizes":[]},"_padding":{"unit":"px","top":"0","right":"0","bottom":"0","left":"0","isLinked":false},"_margin":{"unit":"px","top":"0","right":"0","bottom":"0","left":"0","isLinked":false}},"elements":[],"isInner":false,"widgetType":"image","elType":"widget"},{"id":"123fee5c","settings":{"title":"","title_color":"#FEFEFE","typography_typography":"custom","typography_font_family":"Rochester","typography_font_size":{"unit":"px","size":42,"sizes":[]},"typography_font_weight":"600","_margin":{"unit":"px","top":"-244","right":"0","bottom":"0","left":"0","isLinked":false}},"elements":[],"isInner":false,"widgetType":"heading","elType":"widget"},{"id":"1ad1baf0","settings":{"title":"Working diligently everyday to make\nand serve delicious and thoughtful delicacies just the way you will like them","header_size":"span","align":"right","title_color":"#FBDF4E","typography_typography":"custom","typography_font_family":"Rochester","typography_font_size":{"unit":"px","size":42,"sizes":[]},"typography_font_weight":"600","_margin":{"unit":"px","top":"-259","right":"0","bottom":"0","left":"0","isLinked":false},"hide_mobile":"hidden-phone"},"elements":[],"isInner":false,"widgetType":"heading","elType":"widget"}],"isInner":false,"elType":"column"}],"isInner":false,"elType":"section"},{"id":"5f7806ac","settings":{"structure":"20"},"elements":[{"id":"4b51649f","settings":{"_column_size":50,"_inline_size":null},"elements":[{"id":"52d4be85","settings":{"image":{"url":"http:\/\/localhost\/wordpress\/wp-content\/uploads\/2021\/07\/mae-mu-kID9sxbJ3BQ-unsplash-scaled.jpg","id":125},"image_size":"medium_large","_padding":{"unit":"px","top":"-62","right":"0","bottom":"0","left":"0","isLinked":false}},"elements":[],"isInner":false,"widgetType":"image","elType":"widget"}],"isInner":false,"elType":"column"},{"id":"53a51021","settings":{"_column_size":50,"_inline_size":null},"elements":[{"id":"7ae3e3e9","settings":{"title":"About Us","align":"center","title_color":"#0D1519","typography_typography":"custom","typography_font_size":{"unit":"px","size":40,"sizes":[]},"typography_font_weight":"600","typography_letter_spacing":{"unit":"px","size":0.6,"sizes":[]}},"elements":[],"isInner":false,"widgetType":"heading","elType":"widget"},{"id":"3cefc3bd","settings":[],"elements":[],"isInner":false,"widgetType":"text-editor","elType":"widget"}],"isInner":false,"elType":"column"}],"isInner":false,"elType":"section"},{"id":"7549e744","settings":{"stretch_section":"section-stretched","structure":"20","background_background":"classic","background_color":"#FFF3F3","margin":{"unit":"px","top":"36","right":0,"bottom":"0","left":0,"isLinked":false}},"elements":[{"id":"2f33055e","settings":{"_column_size":50,"_inline_size":null},"elements":[{"id":"7f8349e5","settings":{"title":"Our Story","align":"center","title_color":"#08090A","typography_typography":"custom","typography_font_size":{"unit":"px","size":43,"sizes":[]},"typography_font_weight":"600","typography_letter_spacing":{"unit":"px","size":1.4,"sizes":[]}},"elements":[],"isInner":false,"widgetType":"heading","elType":"widget"},{"id":"6692890c","settings":{"editor":"<p>Cakes and cookies was started in August 2019 with a vision to bring high-end cakes, deserts and breads to the city of Bhopal and Central India. Since our inception, BBC has gained a reputation for serving up \u2018big city\u2019-standard baked goods and for creating a culture that values the art of baking.<\/p>","typography_typography":"custom","typography_font_size":{"unit":"px","size":18,"sizes":[]},"typography_font_weight":"400"},"elements":[],"isInner":false,"widgetType":"text-editor","elType":"widget"}],"isInner":false,"elType":"column"},{"id":"47e20786","settings":{"_column_size":50,"_inline_size":null},"elements":[{"id":"3ab44409","settings":{"image":{"url":"http:\/\/localhost\/wordpress\/wp-content\/uploads\/2021\/07\/jeanie-de-klerk-jvdzBSV082s-unsplash-scaled.jpg","id":217},"image_size":"medium_large","_padding":{"unit":"px","top":"17","right":"0","bottom":"0","left":"0","isLinked":false}},"elements":[],"isInner":false,"widgetType":"image","elType":"widget"}],"isInner":false,"elType":"column"}],"isInner":false,"elType":"section"},{"id":"39ef3499","settings":{"margin":{"unit":"px","top":"79","right":0,"bottom":"0","left":0,"isLinked":false}},"elements":[{"id":"36585b09","settings":{"_column_size":100,"_inline_size":null},"elements":[{"id":"4b31472c","settings":{"title":"Testimonials","align":"center","typography_typography":"custom","typography_font_size":{"unit":"px","size":41,"sizes":[]}},"elements":[],"isInner":false,"widgetType":"heading","elType":"widget"}],"isInner":false,"elType":"column"}],"isInner":false,"elType":"section"},{"id":"745d319c","settings":{"structure":"30","background_background":"classic","background_color":"#EEC5C5"},"elements":[{"id":"7de09549","settings":{"_column_size":33,"_inline_size":null},"elements":[{"id":"2fa7783e","settings":{"editor":"<p>Lorem ipsum dolor sit amet, consectetur adipiscing elit. Ut elit tellus, luctus nec ullamcorper mattis, pulvinar dapibus leo.<\/p><p>Lovely ambience and staff. My favourite place to work out from and I love how they keep introducing new food and drinks in their menu. Great music and lovely decor.<\/p><h5>Sankalp Sharma<\/h5>"},"elements":[],"isInner":false,"widgetType":"text-editor","elType":"widget"}],"isInner":false,"elType":"column"},{"id":"46300738","settings":{"_column_size":33,"_inline_size":null},"elements":[{"id":"71aedac7","settings":{"editor":"<p>Lorem ipsum dolor sit amet, consectetur adipiscing elit. Ut elit tellus, luctus nec ullamcorper mattis, pulvinar dapibus leo.<\/p><p>This places is one of the best cafes in Bhopal and trust me I have tried many, out of all I liked this one the most. Sophistication is the word to define the ambience, service, menu and food. I have tried waffles, cold coffee and sandwich here, the quality of which is real great. I would suggest this place to all gourmets.<\/p><h5>Leena Manik<\/h5>"},"elements":[],"isInner":false,"widgetType":"text-editor","elType":"widget"}],"isInner":false,"elType":"column"},{"id":"593e7303","settings":{"_column_size":33,"_inline_size":null},"elements":[{"id":"200716a5","settings":{"editor":"<p>Lorem ipsum dolor sit amet, consectetur adipiscing elit. Ut elit tellus, luctus nec ullamcorper mattis, pulvinar dapibus leo.<\/p><p>This is the best bakery of Bhopal. It serves the best pastries and breads. The cupcake based shakes and the puffs are really nice. The breakfast menu is also awesome.<\/p><h5>Swapnil Mishra<\/h5>"},"elements":[],"isInner":false,"widgetType":"text-editor","elType":"widget"}],"isInner":false,"elType":"column"}],"isInner":false,"elType":"section"}],"settings":{"template":"elementor_canvas"}}