{"content":[{"id":"58879d87","settings":{"content_width":{"unit":"px","size":1600,"sizes":[]},"stretch_section":"section-stretched","background_background":"classic","background_color":"#FDE7FF"},"elements":[{"id":"242fdcdc","settings":{"_column_size":100,"_inline_size":null},"elements":[{"id":"f614bb5","settings":{"image":{"url":"http:\/\/localhost\/wordpress\/wp-content\/uploads\/2021\/08\/cupcake-dessert-cake-3723832.jpg","id":1426},"image_size":"full","_margin":{"unit":"px","top":"-49","right":"6","bottom":"0","left":"0","isLinked":false},"_padding":{"unit":"px","top":"-65","right":"0","bottom":"-65","left":"-65","isLinked":false},"hide_tablet":"hidden-tablet","hide_mobile":"hidden-phone","_background_background":"classic","_background_color":"#F2DBAD","align":"center","width":{"unit":"%","size":100,"sizes":[]},"space":{"unit":"%","size":100,"sizes":[]},"_element_width":"inherit","_element_vertical_align":"center","_offset_x":{"unit":"px","size":130,"sizes":[]}},"elements":[],"isInner":false,"widgetType":"image","elType":"widget"},{"id":"f32db82","settings":{"title":"So now you know a little more about us,\n why not pop in for a visit at one of our shops.\n Our team will be happy to serve and hear from you.","title_color":"#494A4A","typography_typography":"custom","typography_font_family":"Rouge Script","typography_font_weight":"600","_margin":{"unit":"px","top":"-846","right":"0","bottom":"0","left":"0","isLinked":false},"size":"xl","align":"center"},"elements":[],"isInner":false,"widgetType":"heading","elType":"widget"}],"isInner":false,"elType":"column"}],"isInner":false,"elType":"section"},{"id":"4bd5a5f","settings":{"margin":{"unit":"px","top":"-28","right":0,"bottom":"0","left":0,"isLinked":false}},"elements":[{"id":"561016da","settings":{"_column_size":100,"_inline_size":null},"elements":[{"id":"6cc4a7cc","settings":{"title":"Contact Us","align":"center","title_color":"#040505","typography_typography":"custom","typography_font_family":"Vollkorn SC","typography_font_size":{"unit":"px","size":49,"sizes":[]},"typography_font_weight":"600","typography_letter_spacing":{"unit":"px","size":-2.7,"sizes":[]},"_margin":{"unit":"px","top":"-9","right":"0","bottom":"0","left":"0","isLinked":false}},"elements":[],"isInner":false,"widgetType":"heading","elType":"widget"}],"isInner":false,"elType":"column"}],"isInner":false,"elType":"section"},{"id":"1dea6e3c","settings":{"structure":"20","margin":{"unit":"px","top":"26","right":0,"bottom":"0","left":0,"isLinked":false}},"elements":[{"id":"4efbed27","settings":{"_column_size":50,"_inline_size":null},"elements":[{"id":"7406ea0e","settings":{"editor":"<h3 class=\"text-uppercase\">OUR LOCATION<\/h3><p><img src=\"http:\/\/www.bhopalbaking.com\/images\/bbc-line1.png\" alt=\"baking company bhopal\" \/><\/p><address><p>Cakes And Cookies<br \/>A division of Jehan Numa Palace Hotel Pvt. Ltd.<br \/>157, Shamla Hill Bhopal, MP 462013<\/p><\/address>","_margin":{"unit":"px","top":"-3","right":"-36","bottom":"0","left":"0","isLinked":false}},"elements":[],"isInner":false,"widgetType":"text-editor","elType":"widget"},{"id":"5485f2a9","settings":[],"elements":[{"id":"3a74120c","settings":{"_column_size":100,"_inline_size":null},"elements":[{"id":"363e2dd","settings":{"editor":"<h3 class=\"text-uppercase\">BASE KITCHEN<\/h3><p><img src=\"http:\/\/www.bhopalbaking.com\/images\/bbc-line1.png\" alt=\"baking company bhopal\" \/><\/p><address><p>Jehan Numa Retreat<br \/>Dr. Saleem Ali Road, Next to Van Vihar Bhopal, MP<\/p><\/address>","_margin":{"unit":"px","top":"0","right":"0","bottom":"0","left":"2","isLinked":false}},"elements":[],"isInner":false,"widgetType":"text-editor","elType":"widget"}],"isInner":true,"elType":"column"}],"isInner":true,"elType":"section"}],"isInner":false,"elType":"column"},{"id":"42f2a914","settings":{"_column_size":50,"_inline_size":null,"space_between_widgets":3,"heading_color":"#C03737","margin":{"unit":"px","top":"42","right":"0","bottom":"0","left":"11","isLinked":false}},"elements":[{"id":"5f3c6a34","settings":{"address":"London Eye, London, United Kingdom"},"elements":[],"isInner":false,"widgetType":"google_maps","elType":"widget"}],"isInner":false,"elType":"column"}],"isInner":false,"elType":"section"},{"id":"ba96b5a","settings":{"layout":"full_width","structure":"20","background_background":"gradient","background_color":"#FFDB9D","background_color_b":"#FED9E3","margin":{"unit":"px","top":"132","right":0,"bottom":"0","left":0,"isLinked":false}},"elements":[{"id":"3409edb7","settings":{"_column_size":50,"_inline_size":null},"elements":[{"id":"66ef95c6","settings":[],"elements":[{"id":"1bd4dc10","settings":{"_column_size":100,"_inline_size":null},"elements":[{"id":"37e22b51","settings":{"image":{"url":"http:\/\/127.0.0.1\/wordpress\/wp-content\/uploads\/2021\/07\/peter-t-o_toiVFQqlg-unsplash-scaled.jpg","id":212},"image_custom_dimension":{"width":"1200","height":"2590"},"_margin":{"unit":"px","top":"-18","right":"0","bottom":"0","left":"0","isLinked":false},"hide_tablet":"hidden-tablet","hide_mobile":"hidden-phone","_padding":{"unit":"px","top":"170","right":"0","bottom":"0","left":"0","isLinked":false}},"elements":[],"isInner":false,"widgetType":"image","elType":"widget"}],"isInner":true,"elType":"column"}],"isInner":true,"elType":"section"}],"isInner":false,"elType":"column"},{"id":"6e6e9d45","settings":{"_column_size":50,"_inline_size":null},"elements":[{"id":"2e0682ba","settings":{"editor":"<h3 class=\"text-uppercase\">OUR STORES<\/h3><p><img src=\"http:\/\/www.bhopalbaking.com\/images\/bbc-line1.png\" alt=\"baking company bhopal\" \/><\/p><address><p>Cakes and cookies<br \/>10 No. Market, E 4 \/ 90, Arera Colony, Bhopal<br \/>Phone: 72250 34444<\/p><\/address><hr \/><address><p>Cakes And Cookies<br \/>Arera Club (Members Only) Opposite Mayur Park, Tulsi Nagar,<br \/>Link Road No.1, Bhopal-462003<\/p><\/address><hr \/><address><p>Cakes And Cookies<br \/>Jehan Numa Retreat (Lobby)<br \/>Dr. Salim Ali Road, Near Van Vihar National Park, Bhopal<\/p><\/address><hr \/><p><span class=\"blue-text text-uppercase\">EMAILS<\/span><\/p><table border=\"0\" cellspacing=\"0\" cellpadding=\"0\"><tbody><tr><td>For Orders<\/td><td>\u00a0<\/td><td>:\u00a0<a href=\"mailto:order@bhopalbaking.com\" target=\"_blank\" rel=\"noopener\">order@cakesandcookies.com<\/a><\/td><\/tr><tr><td>For Corporate<\/td><td>\u00a0<\/td><td>:\u00a0<a href=\"mailto:business@bhopalbaking.com\" target=\"_blank\" rel=\"noopener\">business@cakesandcookies.com<\/a><\/td><\/tr><tr><td>For Vendors<\/td><td>\u00a0<\/td><td>:\u00a0<a href=\"mailto:operations@bhopalbaking.com\" target=\"_blank\" rel=\"noopener\">operations@cakesandcookies.com<\/a><\/td><\/tr><\/tbody><\/table><p><br \/><br \/><\/p>"},"elements":[],"isInner":false,"widgetType":"text-editor","elType":"widget"}],"isInner":false,"elType":"column"}],"isInner":false,"elType":"section"},{"id":"26cd0e07","settings":{"content_width":{"unit":"px","size":1529,"sizes":[]},"margin":{"unit":"px","top":"47","right":0,"bottom":"0","left":0,"isLinked":false},"background_background":"classic","background_color":"#FFEDCB","background_color_stop":{"unit":"%","size":31,"sizes":[]},"background_color_b":"#FFC4D3","background_color_b_stop":{"unit":"%","size":68,"sizes":[]},"background_image":{"url":"http:\/\/127.0.0.1\/wordpress\/wp-content\/uploads\/2021\/07\/Food-Drink-1.jpg","id":192}},"elements":[{"id":"6317fbca","settings":{"_column_size":100,"_inline_size":null},"elements":[{"id":"51f62ae","settings":{"title":"Write Us A Letter !","align":"center","title_color":"#080E10","typography_typography":"custom","typography_font_family":"Vollkorn SC","typography_font_size":{"unit":"px","size":43,"sizes":[]},"typography_font_weight":"600","typography_letter_spacing":{"unit":"px","size":-0.8,"sizes":[]}},"elements":[],"isInner":false,"widgetType":"heading","elType":"widget"},{"id":"63920c0","settings":[],"elements":[{"id":"17666c0d","settings":{"_column_size":100,"_inline_size":null},"elements":[{"id":"6ce2339d","settings":{"form_id":"287","_background_background":"classic","_background_color":"#F4F4F4","_background_color_b":"#FFFFFF","_border_border":"groove","_border_width":{"unit":"px","top":"-43","right":"-31","bottom":"-31","left":"-31","isLinked":false},"_border_color":"#FFD2D2"},"elements":[],"isInner":false,"widgetType":"wpforms","elType":"widget"}],"isInner":true,"elType":"column"}],"isInner":true,"elType":"section"}],"isInner":false,"elType":"column"}],"isInner":false,"elType":"section"}],"settings":{"template":"elementor_canvas"}}